<?xml version='1.0' encoding='utf-8' standalone='yes' ?>
<map>
<string name="aot_release_build_version">3145ac9_20210825</string>
<boolean name="is_first_install" value="false" />
<boolean name="disable_ucode_in_share_url" value="false" />
<boolean name="key_new_user" value="true" />
<boolean name="enable_twitter_new_key_secret" value="false" />
<boolean name="disable_iid_in_share_url" value="false" />
<string name="log_release_build_version_v4">3145ac9_20210825</string>
<string name="aweme_gecko_offline_host_prefix">[&quot;lf16-gecko-source.tiktokcdn.com/obj/byte-gurd-source-sg/10/gecko/resource/&quot;,&quot;lf77-gecko-source.tiktokcdn.com/obj/byte-gurd-source-sg/10/gecko/resource/&quot;,&quot;sf16-scmcdn-va.ibytedtos.com/goofy/i18n/ecom/client_h5/view/&quot;,&quot;sf16-scmcdn-sg.ibytedtos.com/goofy/i18n/ecom/client_h5/view/&quot;,&quot;sf16-scmcdn-gcp.ibytedtos.com/goofy/falcon/tiktok/feedback/&quot;,&quot;sf16-scmcdn-sg.ibytedtos.com/goofy/falcon/tiktok/feedback/&quot;,&quot;sf16-scmcdn-va.ibytedtos.com/goofy/falcon/tiktok/feedback/&quot;,&quot;sf16-scmcdn-sg.ibytedtos.com/goofy/i18n/ecom/shop_h5/&quot;,&quot;lf16-tiktok-common.ibytedtos.com/obj/tiktok-web-common-sg/falcon/&quot;,&quot;lf16-csp.ttwstatic.com/obj/tiktok-feedback-resource-aiso/static/&quot;,&quot;lf19-csp.ttwstatic.com/obj/tiktok-feedback-resource-aiso/static/&quot;,&quot;lf16-csp.ttwstatic.com/obj/tiktok-feedback-resource-us/static/&quot;,&quot;lf16-csp.ttwstatic.com/obj/tiktok-feedback-resource-sg/static/&quot;,&quot;lf19-csp.ttwstatic.com/obj/tiktok-feedback-resource-us/static/&quot;,&quot;lf19-csp.ttwstatic.com/obj/tiktok-feedback-resource-sg/static/&quot;,&quot;lf16-tiktok-web.ibytedtos.com/obj/tiktok-web-aiso/falcon/&quot;,&quot;lf16-csp.ibytedtos.com/obj/ies-csp-resource-aiso/static/&quot;,&quot;lf16-tiktok-web.ibytedtos.com/obj/tiktok-web-us/falcon/&quot;,&quot;lf16-csp.ibytedtos.com/obj/ies-csp-resource-sg/static/&quot;,&quot;lf16-csp.ibytedtos.com/obj/ies-csp-resource-us/static/&quot;,&quot;lf16-tiktok-web.ibytedtos.com/obj/tiktok-web/falcon/&quot;,&quot;sf16-scmcdn-va.ibytedtos.com/goofy/tiktok/falcon/&quot;,&quot;sf16-scmcdn-sg.ibytedtos.com/goofy/tiktok/falcon/&quot;,&quot;sf16.byteicdn.com/obj/ies-csp-resource-sg/static/&quot;,&quot;sf16-scmcdn-sg.ibytedtos.com/goofy/magic/eco/&quot;,&quot;sf16-scmcdn-va.ibytedtos.com/goofy/magic/eco/&quot;,&quot;s1.ipstatp.com/resso/campaign/tiktok/&quot;,&quot;s16-ies.tiktok.com/ies-cdn-alisg/tiktok_activities/&quot;,&quot;sf16-scmcdn-sg.ibytedtos.com/goofy/procode/&quot;,&quot;sf16-scmcdn-va.ibytedtos.com/goofy/procode/&quot;,&quot;s16.tiktokcdn.com/tiktok/falcon/&quot;,&quot;activity.tiktok.com/magic/eco/&quot;,&quot;s0.ipstatp.com/tiktok/falcon/&quot;,&quot;s16.tiktokcdn.com/ies/falcon/&quot;,&quot;m.tiktok.com/magic/eco/&quot;,&quot;10/gecko/resource/&quot;,&quot;9/gecko/resource/&quot;,&quot;p16-magic-sg.ibyteimg.com/tos-alisg-i-bhznd1iaig-sg/&quot;,&quot;p19-magic-sg.ibyteimg.com/tos-alisg-i-bhznd1iaig-sg/&quot;,&quot;p16-magic-va.ibyteimg.com/tos-alisg-i-bhznd1iaig-va/&quot;,&quot;p19-magic-va.ibyteimg.com/tos-alisg-i-bhznd1iaig-va/&quot;,&quot;courses.snapsolve.com/falcon/&quot;,&quot;s0.ipstatp.com/feoffline/&quot;,&quot;s16.tiktokcdn.com/falcon/&quot;,&quot;oec-api.tiktokv.com/view/&quot;,&quot;m.tiktok.com/feoffline/&quot;,&quot;seller-id.tiktok.com/m/&quot;,&quot;www.tiktok.com/falcon/&quot;,&quot;m.tiktok.com/falcon/&quot;,&quot;t.tiktok.com/falcon/&quot;]</string>
<string name="last_user_setting_version">{&quot;version_code&quot;:&quot;20.60.3&quot;}</string>
</map>
