<?xml version='1.0' encoding='utf-8' standalone='yes' ?>
<map>
<string name="ve_synthesis_settings">120001911</string>
<string name="mt_share_panel_user_order_strategy">120000967</string>
<string name="video_play_get_image_manager_async">120001223</string>
<string name="live_event_permission">120001495</string>
<string name="enable_image_alog">120000599</string>
<string name="google_multi_login">120000782</string>
<string name="keva_blacklist">120000459</string>
<string name="cut_video_scene_refactor">120000088</string>
<string name="aweme_gecko_conf">120002927</string>
<string name="stage_fright_fix">120000760</string>
<string name="eoy_2021_config">120002638</string>
<string name="enable_network_notice">120000327</string>
<string name="handle_settings">120001215</string>
<string name="mv_use_amazing_engine">120000513</string>
<string name="aweme_will_stop_when_headphones_pulled">120000352</string>
<string name="long_video_permitted">120000210</string>
<string name="im_share_show_user_icon_plan">120000773</string>
<string name="is_feed_load_cache_v3_time">120001706</string>
<string name="share_time_out">120000130</string>
<string name="data_saver_guidance_type">120000070</string>
<string name="present_duet_chain">120000175</string>
<string name="enable_moji_update_resources">120000908</string>
<string name="synthetic_video_bitrate">120001870</string>
<string name="tcm_self_apply_entry">120001417</string>
<string name="smart_phone_setting">120001104</string>
<string name="back_refresh_strategy">120000678</string>
<string name="notice_count_latency">120000918</string>
<string name="mt_comment_api_v2">120000447</string>
<string name="search_sug_highlight_reverse">120000754</string>
<string name="filter_colors">120000654</string>
<string name="show_interaction_stickers">120000129</string>
<string name="music_list_style">120001723</string>
<string name="tt_uploader_http_dns_config">120001874</string>
<string name="player_enable_buffer_config">120000868</string>
<string name="close_sync_to_helo_entry">120000628</string>
<string name="enable_photomovie">120000284</string>
<string name="enable_text_sticker_in_main">120001660</string>
<string name="enable_hq_vframe">120000048</string>
<string name="combine_settings_req">120000768</string>
<string name="draft_use_multi_video_edit">120002346</string>
<string name="enable_reuse_unreached_data_for_feed_refresh">120001649</string>
<string name="third_party_data_refresh">120000162</string>
<string name="security_center">120000128</string>
<string name="bitrate_of_recode_threshold">120001610</string>
<string name="pre_upload_encryption_mode">120001783</string>
<string name="aweme_gecko_offline_host_prefix">120002788</string>
<string name="opti_draft_saved_type">120000843</string>
<string name="decoder_type">120000335</string>
<string name="miniapp_preload_empty_process_enbale">120001423</string>
<string name="camera_type_ab">120000587</string>
<string name="enable_safe_mode">120000457</string>
<string name="enable_auto_process_after_login">120000930</string>
<string name="enable_three_buffer">120001121</string>
<string name="open_taken_in_same_optimize">120000472</string>
<string name="create_EOY_video_url">120000365</string>
<string name="i18n_message_page_style">120000630</string>
<string name="aweme_comment_x2c_inflate_setting">120000857</string>
<string name="sys_emoji_config">120000899</string>
<string name="data_saver_open">120000103</string>
<string name="ab_4k_import_use_benchmark">120001602</string>
<string name="ve_use_new_effect_algorithm">120000920</string>
<string name="tools_use_downloader">120000506</string>
<string name="enable_check_beta_version">120000099</string>
<string name="category_list_interface_use_v1">120000743</string>
<string name="update_enigma_scanner">120000649</string>
<string name="enable_ve_fast_import">120001668</string>
<string name="enable_synthetic_fps_set">120000973</string>
<string name="change_username_guide">120000666</string>
<string name="download_camera_not_block_user">120000310</string>
<string name="remove_15s_cap_music">120000770</string>
<string name="ve_fast_import_ignore_recode_for_rotation">120000242</string>
<string name="self_see_water_mark_switch">120000132</string>
<string name="live_switch_spi">120000600</string>
<string name="bind_fg_guide_texts">120000299</string>
<string name="enable_video_image_mixed">120001671</string>
<string name="animation_duration_when_refresh_by_reusing_unreached_data">120001605</string>
<string name="enable_email_login">120001105</string>
<string name="safe_info_notice_frequency">120000609</string>
<string name="enable_on_page_select_pause_check">120000925</string>
<string name="dynamic_cover_style">120000612</string>
<string name="head_image_animation_opt">120001315</string>
<string name="enable_long_video_sound_page">120000668</string>
<string name="login_platforms_from_server">120000168</string>
<string name="play_tab_switch">120000209</string>
<string name="enable_anchor_cache">120000218</string>
<string name="search_filter_entrance_animated">120002630</string>
<string name="player_buffer_config_data">120000634</string>
<string name="uid_precise_exp_share">70276843</string>
<string name="enable_sticker_functionalities">120000086</string>
<string name="fast_import_1080p_lower_benchmark_enable">120001677</string>
<string name="recover_account_verification_form_url">120001252</string>
<string name="show_sticker_collection">120000486</string>
<string name="ul_catch_stop_info_binder_exception">120001209</string>
<string name="im_friend_relation_update_settings">120001115</string>
<string name="discover_speed_detail">120000663</string>
<string name="studio_enable_video_edit_dub">120001837</string>
<string name="clean_share_files">120000265</string>
<string name="enable_end_watermark_MT">120000535</string>
<string name="opti_draft_recover">120000532</string>
<string name="ws_use_new_sdk">120000333</string>
<string name="hide_profile_message_button">120000964</string>
<string name="enable_upload_sync_ins_story">120000835</string>
<string name="app_action_allowlist">120000277</string>
<string name="marquee_title_opt">120000547</string>
<string name="camera_first_frame_opt">120000832</string>
<string name="open_music_record_with_sticker">120000109</string>
<string name="preloader_type">120001777</string>
<string name="downloader_use_ttnet_ab">120000194</string>
<string name="use_byte264">120001892</string>
<string name="enable_process_refactor">120001647</string>
<string name="support_filter_error_file">120000318</string>
<string name="comment_show_keyboard_strategy">120000315</string>
<string name="fast_import_resolution_limit">120001683</string>
<string name="enable_multi_fast_import">120001640</string>
<string name="enable_global_translation">120000571</string>
<string name="other_profile_landing_tabs">120000040</string>
<string name="enable_network_notice_toast">120000285</string>
<string name="use_right_swipe_back">120000680</string>
<string name="minor_default_private_hint_intro_url">120002705</string>
<string name="enable_shoot_button_feed_bottom">120000726</string>
<string name="video_bitrate">120002672</string>
<string name="enable_effect_new_engine">120000094</string>
<string name="splash_support_timeout">120000501</string>
<string name="enable_open_gl_resource_reuse">120000684</string>
<string name="instant_page_preloading_strategy">120000247</string>
<string name="res_version">120000876</string>
<string name="teach_settings">120000921</string>
<string name="at_friends_show_type">120000017</string>
<string name="enable_concurrent_synthesize_upload">120000278</string>
<string name="enable_4k_import">120001511</string>
<string name="lynx_sticker_delay_setting">120000066</string>
<string name="aweme_ad_link_priority">120000056</string>
<string name="disk_space_threshold">120000827</string>
<string name="enable_mt_search_sug">120000252</string>
<string name="effect_font_list">120001397</string>
<string name="enable_music_detail_guid">120000049</string>
<string name="horae_ttlite">120000733</string>
<string name="aweme_profile_post_api_with_user_id">120000452</string>
<string name="av_default_wide_mode">120000221</string>
<string name="awesome_splash_cache_optimize_enabled">120000308</string>
<string name="has_tiktok_login">120000126</string>
<string name="enable_mv_rt_reuse">120000896</string>
<string name="musically_digg_detail_list">120001719</string>
<string name="mt_nested_comments_hide">120000117</string>
<string name="uid_precise_exp_comment">70276840</string>
<string name="phone_auto_filled">120000904</string>
<string name="musically_new_notification_style">120001720</string>
<string name="enable_effect_parallel_fwk">120001195</string>
<string name="enable_egg_and_pendent_componentize">120001415</string>
<string name="enable_upload_sync_twitter">120000949</string>
<string name="enable_vesdk_glbase">120001666</string>
<string name="wikipedia_anchor_url_placeholder">120000700</string>
<string name="jsb_open_third_app">120001108</string>
<string name="enable_splash_new_first_view_logic">120000679</string>
<string name="use_ve_compiler">120000557</string>
<string name="dmt_fix_full_video_black_issue_parent_report">120000292</string>
<string name="enable_sdk_output_refactor">120001651</string>
<string name="bullet_image_preload_configs">120000288</string>
<string name="im_contacts_multi_select_limit">120000300</string>
<string name="enable_cronet_dynamic_feature">120000859</string>
<string name="caption_enable_see_more_mt">120000979</string>
<string name="acodec_optmizer_control">120000313</string>
<string name="use_ttnet4_short2longurl">120000111</string>
<string name="feedback_post_page_style">120000483</string>
<string name="use_ve_image">120000488</string>
<string name="sms_auto_filled">120000454</string>
<string name="ttnet_config_value">120000058</string>
<string name="fast_import_1080p_higher_benchmark_enable">120001499</string>
<string name="enable_edit_page_memory_opt">120000796</string>
<string name="enable_country_code_local_alpha_sort">120001309</string>
<string name="enable_business">120000574</string>
<string name="settings_keva_switch">120001379</string>
<string name="main_tab_style">120001712</string>
<string name="use_download_in_music">120000161</string>
<string name="engine_preloader_queue_or_stack">120001674</string>
<string name="close_vframe_upload">120000765</string>
<string name="im_contact_update_freq">120000098</string>
<string name="scene_lazy_init">120000976</string>
<string name="facebook_url_share">120000251</string>
<string name="hybrid_get_ab_test">120000035</string>
<string name="instagram_silent_share">120000279</string>
<string name="disable_auto_localize">120001307</string>
<string name="monitor_enabled_events">120000248</string>
<string name="feedback_conf">120002921</string>
<string name="video_post_time_style">120000114</string>
<string name="shutter_sound_enable">120000424</string>
<string name="is_share_link_only">120000945</string>
<string name="edit_page_prompt">120000617</string>
<string name="upload_status_report_gap_s">120000249</string>
<string name="enable_anti_aliasing">120000632</string>
<string name="enable_read_fancy_qrcode">120000159</string>
<string name="enable_main_use_fragments_cache">120000886</string>
<string name="enable_snapchat_share_2">120000311</string>
<string name="enable_filter_h265_10bit">120000764</string>
<string name="i18n_notification_page_style_reopen">120000119</string>
<string name="did_precise_exp_long_press_menu">70276806</string>
<string name="ad_landing_page_auto_jump_control_enabled">120000745</string>
<string name="anim_opt">120000883</string>
<string name="enable_full_screen_read_adaption">120000729</string>
<string name="abmock_keva_switch">120000563</string>
<string name="enable_pre_publish_background_p">120000823</string>
<string name="enable_pre_upload">120001646</string>
<string name="dislike_with_reason">120000759</string>
<string name="email_login_settings">120001226</string>
<string name="cache_clean_default_white_list">120000871</string>
<string name="enable_multi_account_login">120001472</string>
<string name="studio_editor_edit_page_new">120000146</string>
<string name="need_recode">120001726</string>
<string name="music_detail_music_partners_new_style">120000711</string>
<string name="show_notification_guide_dialog">120000140</string>
<string name="disable_om_sdk">120001445</string>
<string name="share_button_style_unite">120000798</string>
<string name="keva_bak_sp">120000091</string>
<string name="network_monitor_manager_config">120000560</string>
<string name="lite_player_type">120000559</string>
<string name="open_camera_frame_optimize">120000542</string>
<string name="download_acl_new_switch">120000026</string>
<string name="use_bridge_engine_v2">120000427</string>
<string name="preload_strategy">120002137</string>
<string name="silent_share_list">120001958</string>
<string name="download_component_exp_switch">120000027</string>
<string name="enable_new_edit_page">120000793</string>
<string name="enable_ve_single_gl">120001124</string>
<string name="addressbook_upload_interval">120001681</string>
<string name="enable_youtube_app_auth">120001112</string>
<string name="keep_lobby_cookies">120000948</string>
<string name="enable_sdk_input_cross_platform">120001650</string>
<string name="bullet_new_settings_for_ab_params">120000940</string>
<string name="edit_effect_auto_download_size">120001100</string>
<string name="ios_launch_reason_detect">120001245</string>
<string name="default_enable_long_video">120001625</string>
<string name="close_memory_profile_task">120000464</string>
<string name="commerce_egg_config">120000107</string>
<string name="storage_clean">120000736</string>
<string name="ttba_registration_schema">120002837</string>
<string name="enable_reuse_editor_for_fastimport">120000484</string>
<string name="keep_cookies">120000271</string>
<string name="video_buffering_threshold_v2_enable">120001927</string>
<string name="ins_share_type">120000193</string>
<string name="use_mix_record_button">120001895</string>
<string name="login_device_manager_url">120000665</string>
<string name="studio_sticker_pin_enable">120001847</string>
<string name="react_mic_status">120000884</string>
<string name="dmt_source_url_whitelist">120000160</string>
<string name="enable_music_smart_stick_point">120000493</string>
<string name="video_buffering_show_threshold">120001925</string>
<string name="dynamic_cover_animation_opt">120001422</string>
<string name="feed_find_bug_setting">120000956</string>
<string name="enable_other_push_settings">120000477</string>
<string name="record_hardware_profile">120001061</string>
<string name="sticker_update_app">120000562</string>
<string name="linker_platform_config">120002644</string>
<string name="video_relevance_thresh_like_filter">120002631</string>
<string name="aweme_splash_first_launch_enabled">120001116</string>
<string name="enable_6_digit_sms_verification">120001378</string>
<string name="enable_mt_video_search">120000731</string>
<string name="ad_fe_settings">120000312</string>
<string name="test_did">120002703</string>
<string name="guide_ins_users_bind_other_popup_strategy">120001689</string>
<string name="fixed_share_icon_order">120000767</string>
<string name="show_ads">120000167</string>
<string name="push_guide_type">120001790</string>
<string name="player_preload_lazy_get_urls">120001731</string>
<string name="account_switch_schema">120000214</string>
<string name="enable_extern_net">120000639</string>
<string name="record_camera_compat_level_ab">120000652</string>
<string name="enable_effect_new_engine_edit">120000145</string>
<string name="dmt_full_video_black_issue_parent_log_detect_report">120000253</string>
<string name="is_feed_load_cache_v3_count">120001704</string>
<string name="enable_foreground_publish">120001636</string>
<string name="pushdelayinit_switch">120000891</string>
<string name="safe_mode_settings">120001102</string>
<string name="third_party_binding">120001096</string>
<string name="enable_ve_cut_video">120000757</string>
<string name="vesdk_input_processor">120000584</string>
<string name="enable_video_reply">120000084</string>
<string name="enable_new_handles_manager">120000309</string>
<string name="enable_quality_building_app_log">120001374</string>
<string name="x2c_switch">120001382</string>
<string name="duet_chain_uneditable">120000685</string>
<string name="enable_upload_hporf">120001110</string>
<string name="search_rich_sug_type">120000916</string>
<string name="enable_email_verification">120000572</string>
<string name="facebook_story">120000604</string>
<string name="sticker_details_entrance_enable">120000676</string>
<string name="seclink_config">120000902</string>
<string name="enable_dsp_ad_bitrate_adapting">120000864</string>
<string name="foreground_feed_cache_delay">120001442</string>
<string name="text_sticker_max_count">120000245</string>
<string name="synthetic_video_maxrate">120000816</string>
<string name="enable_preload_opt">120000817</string>
<string name="a1">120000442</string>
<string name="m_post_push_group">120000306</string>
<string name="platform_optimize_strategy">120000087</string>
<string name="whatsapp_max_idle_days">120000583</string>
<string name="open_sticker_record_with_music">120000924</string>
<string name="is_long_duration_record_as_tab">120002006</string>
<string name="enable_hard_decode">120000183</string>
<string name="show_storage_tip_size">120000361</string>
<string name="player_medialoader_enable_preconnect">120001022</string>
<string name="ug_diff_download_report_only_diff">120001436</string>
<string name="enable_mv_res_check">120000076</string>
<string name="is_feed_load_cache_v3">120001701</string>
<string name="enable_m_black_panel">120001642</string>
<string name="use_video_cache_http_dns">120001900</string>
<string name="unlogged_style_v2">120000675</string>
<string name="quietly_synthetic">120000433</string>
<string name="aweme_appinfo_safehost_fields">120000527</string>
<string name="video_upload_normalization_param">120000364</string>
<string name="search_user_style">120000887</string>
<string name="whatsapp_status_share_policy">120000872</string>
<string name="engine_preloader_preload_strategy">120001672</string>
<string name="enable_cover_effect">120001514</string>
<string name="im_preload_setting_config">120000489</string>
<string name="player_unified_ab_config">120001742</string>
<string name="render_use_videosize_index">120000641</string>
<string name="mt_local_analysis_hprof">120002342</string>
<string name="enable_fancy_qrcode">120000946</string>
<string name="enable_upload_sync_ins">120000264</string>
<string name="fe_anchor_ad_conf">120000039</string>
<string name="enable_1080p_fast_import">120001483</string>
<string name="enable_long_press_guid">120000063</string>
<string name="data_saver_mode">120001623</string>
<string name="js_actlog_url">120001101</string>
<string name="enable_applog_content_encrypt">120000914</string>
<string name="ecom_product_selection_search_bar_config">120000102</string>
<string name="enable_hd_h264_hw_decoder">120000260</string>
<string name="whatsapp_share_type">120001942</string>
<string name="allow_file_access">120001113</string>
<string name="network_notice_time">120000227</string>
<string name="unexpected_network_monitor_config">120001103</string>
<string name="wallet_conf">120002895</string>
<string name="enable_style4_follow_double_click">120000692</string>
<string name="ultra_resolution_level">120000068</string>
<string name="fe_config_collection">120002779</string>
<string name="new_hashtag_regex">120000032</string>
<string name="is_clear_video_background">120001700</string>
<string name="enable_camera_beautify_effect">120000505</string>
<string name="enable_new_phone_bind_flow">120000750</string>
<string name="i18n_following_live_skylight_type">120001694</string>
<string name="enable_network_monitor">120000953</string>
<string name="enable_av_storage_monitor">120000090</string>
<string name="remove_model_lock">120001793</string>
<string name="tt_uploader_response_time_out">120001875</string>
<string name="follow_feed_v2_use_get">120000133</string>
<string name="enable_transition_to_profile_guid">120000969</string>
<string name="priority_region">120002663</string>
<string name="enable_process_publish_fix">120000852</string>
<string name="ad_web_container">120000013</string>
<string name="tiktok">70258444</string>
<string name="non_live_gifting_viewer_setting">120002364</string>
<string name="enable_bio_url">120001497</string>
<string name="double_tap_to_like_style">120000890</string>
<string name="t_dislike_style">120000356</string>
<string name="praise_dialog_experiment">120000806</string>
<string name="show_global_multi_func">120000850</string>
<string name="enable_income_plus_reauth">120000635</string>
<string name="user_profile_init_method">120001891</string>
<string name="info_sticker_max_count">120000682</string>
<string name="watermark_res_setting">120001941</string>
<string name="enable_multi_publisher_scheduler">120001243</string>
<string name="allow_long_video_scrubbing">120000014</string>
<string name="effect_platform_use_ttnet">120000060</string>
<string name="fb_allow_friends_default">120000740</string>
<string name="enable_pre_synthetic">120001645</string>
<string name="use_injection_jsb">120000952</string>
<string name="video_speed_queue_size">120001939</string>
<string name="self_profile_landing_tabs">120000007</string>
<string name="donation_urls">120000062</string>
<string name="ve_sdk_config_level">120001909</string>
<string name="m_notification_tab_badge_style">120000295</string>
<string name="ul_native_crypto_opt">120001466</string>
<string name="miniapp_preload_enbale">120000445</string>
<string name="show_whatsapp_by_calling_code">120000738</string>
<string name="mainfragment_hidden_changed_switch">120000846</string>
<string name="is_release_window_background">120001707</string>
<string name="enable_new_push_settings">120000631</string>
<string name="ins_recover_account_url">120000116</string>
<string name="enable_use_ve_recoder">120001123</string>
<string name="jsb_whitelist_config">120001117</string>
<string name="video_buffering_threshold">120001926</string>
<string name="network_monitor_config">120000795</string>
<string name="im_url_template">120002915</string>
<string name="enable_water_bg_mask">120000158</string>
<string name="dmt_jsbridge_whitelist">120000644</string>
<string name="player_event_log_v2_open">120000135</string>
<string name="use_synthetic_hardcode">120001898</string>
<string name="enable_album_timeline_and_full_screen_preview">120000268</string>
<string name="bind_phone_for_post_im">120001609</string>
<string name="studio_enable_filter_effect_slider">120001836</string>
<string name="enable_local_music_entrance">120001410</string>
<string name="download_app_link_schema">120001098</string>
<string name="enable_profile_navbar_share">120000941</string>
<string name="use_hardcode">120002336</string>
<string name="enable_h264_hw_decoder">120001522</string>
<string name="wide_camera_info">120001197</string>
<string name="studio_enable_stitch">120000696</string>
<string name="ftc_bind_enable">120000360</string>
<string name="aweme_comment_fluency_opt_live_avatar_setting">120000180</string>
<string name="hybrid_monitor_config">120000725</string>
<string name="sky_eye_multi_call_api_counts_log_settings">120000349</string>
<string name="enable_player_dynamic_feature">120000275</string>
<string name="show_play_count">120001804</string>
<string name="alternative_popSettingsViewController_implementation">120000307</string>
<string name="covode_config">120001072</string>
<string name="comment_poi_video_count_threshold">120000836</string>
<string name="tiktok_ultra_lite_settings">120002057</string>
<string name="hd_hw_decoder_min_side_size">120000667</string>
<string name="ve_enable_oes_texture_shot_screen">120001392</string>
<string name="effect_sdk_config_settings">120000031</string>
<string name="enable_hashtag_profile">120000784</string>
<string name="close_event_track_of_client_show">120001258</string>
<string name="studio_beauty_effect_composer">120001828</string>
<string name="fe_ecommerce_dynamic_config">120000704</string>
<string name="gdpr_privacy_url">120001369</string>
<string name="opti_effect_render_first_frame">120000748</string>
<string name="upload_metadata">120001879</string>
<string name="can_react">120000228</string>
<string name="enable_multi_task">120000674</string>
<string name="enable_follow_hint_guid">120000246</string>
<string name="ve_fast_import_ignore_recode">120001908</string>
<string name="clean_up_invalid_videos">120000163</string>
<string name="player_type">120001734</string>
<string name="original_musician_entry">120000565</string>
<string name="intent_scheme_intercept_config">120000625</string>
<string name="enable_like_by_author">120000638</string>
<string name="shoot_tutorial_link">120001332</string>
<string name="record_open_high_profile">120000954</string>
<string name="enable_editor_screen_adaptation">120000889</string>
<string name="sky_eye_call_api_counts_log_settings">120000958</string>
<string name="share_acl_new_switch">120001093</string>
<string name="checksum_level">120001613</string>
<string name="promote_order_terminal_enable">120001082</string>
<string name="enable_default_open_hd_video_switch">120001632</string>
<string name="ad_tracker_config">120001009</string>
<string name="enable_postpone_record_task">120000112</string>
<string name="downloader_use_ttnet">120000851</string>
<string name="remember_last_record_duration">120000718</string>
<string name="mt_merge_profile_v2">120000487</string>
<string name="publish_on_new_intent_check_delay">120000549</string>
<string name="enable_4k_import_benchmark">120001485</string>
<string name="video_bitrate_category_index">120001527</string>
<string name="im_mt_share_header_show_strategy">120000323</string>
<string name="lowest_gear">120000803</string>
<string name="image_max_cache_size_strategy">120000220</string>
<string name="data_usage">120000938</string>
<string name="m_dislike_with_reason">120000834</string>
<string name="open_camera_frame_optimize_sdk">120000622</string>
<string name="new_user_enable_im">120000786</string>
<string name="af_feed_freq_control_num">120000712</string>
<string name="search_filter_activity">120002629</string>
<string name="ug_diff_download_unreport_extra">120000498</string>
<string name="interest_select_interval">120000656</string>
<string name="client_cache_aweme_count">120001615</string>
<string name="follow_to_follow_back_experiment">120001687</string>
<string name="notice_collapsibility">120000355</string>
<string name="miniapp_init_enable">120000503</string>
</map>
