<?xml version='1.0' encoding='utf-8' standalone='yes' ?>
<map>
<string name="7046324222059299842_significant_user_info">{&quot;uid&quot;:&quot;7046324222059299842&quot;,&quot;short_id&quot;:&quot;0&quot;,&quot;unique_id&quot;:&quot;bemmteam57331&quot;,&quot;nickname&quot;:&quot;user9037152732432&quot;,&quot;avatar_url&quot;:&quot;https://p9-sign-sg.tiktokcdn.com/aweme/100x100/tos-alisg-avt-0068/24ed6bfea25f2fe0a09627c505ab2657.webp?x-expires\u003d1640685600\u0026x-signature\u003d%2Fd3hLKNuh54tiWHaqyq4KVKCPvs%3D&quot;,&quot;sec_uid&quot;:&quot;MS4wLjABAAAAuVj6Z93qtlwDnQpEqxXkE3ewwm1PW5-uK-cqe15_sWpOPNpZO0PJvQpbW8aAczxu&quot;,&quot;app_id&quot;:1340}</string>
<string name="latest_logged_in_uid_list">7046324222059299842</string>
<string name="logged_in_uid_list">7046324222059299842</string>
<string name="7046324222059299842_account_user_info">{&quot;uid&quot;:&quot;7046324222059299842&quot;,&quot;session_key&quot;:&quot;3d49c37c4e253135a3cfd87df20e010b&quot;,&quot;name&quot;:&quot;user9037152732432&quot;,&quot;user_verified&quot;:false,&quot;country_code&quot;:&quot;0&quot;,&quot;sec_uid&quot;:&quot;MS4wLjABAAAAuVj6Z93qtlwDnQpEqxXkE3ewwm1PW5-uK-cqe15_sWpOPNpZO0PJvQpbW8aAczxu&quot;,&quot;is_kids_mode&quot;:false}</string>
<string name="7046324222059299842_aweme_user_info">{&quot;accept_private_policy&quot;:false,&quot;account_region&quot;:&quot;&quot;,&quot;account_type&quot;:0,&quot;age_gate_action&quot;:0,&quot;age_gate_post_action&quot;:0,&quot;age_gate_time&quot;:1640601058945,&quot;allowStatus&quot;:0,&quot;authority_status&quot;:0,&quot;avatar_larger&quot;:{&quot;height&quot;:0,&quot;data_size&quot;:0,&quot;uri&quot;:&quot;1080x1080/tos-alisg-avt-0068/24ed6bfea25f2fe0a09627c505ab2657&quot;,&quot;url_list&quot;:[&quot;https://p16-sign-sg.tiktokcdn.com/aweme/1080x1080/tos-alisg-avt-0068/24ed6bfea25f2fe0a09627c505ab2657.webp?x-expires\u003d1640685600\u0026x-signature\u003dySrzyl1%2F1XS8nIRMfLXi8d%2BqsdE%3D&quot;,&quot;https://p9-sign-sg.tiktokcdn.com/aweme/1080x1080/tos-alisg-avt-0068/24ed6bfea25f2fe0a09627c505ab2657.webp?x-expires\u003d1640685600\u0026x-signature\u003dVjpTSXW03PgHNvsc9lD1HerF1gc%3D&quot;,&quot;https://p16-sign-sg.tiktokcdn.com/aweme/1080x1080/tos-alisg-avt-0068/24ed6bfea25f2fe0a09627c505ab2657.jpeg?x-expires\u003d1640685600\u0026x-signature\u003dnBKfYfeKSTOk0mSXDE4xw6rGh8U%3D&quot;],&quot;width&quot;:0},&quot;avatar_medium&quot;:{&quot;height&quot;:0,&quot;data_size&quot;:0,&quot;uri&quot;:&quot;720x720/tos-alisg-avt-0068/24ed6bfea25f2fe0a09627c505ab2657&quot;,&quot;url_list&quot;:[&quot;https://p16-sign-sg.tiktokcdn.com/aweme/720x720/tos-alisg-avt-0068/24ed6bfea25f2fe0a09627c505ab2657.webp?x-expires\u003d1640685600\u0026x-signature\u003d%2BJJWsIMXTW2kqk3DvrHOZKUYBDU%3D&quot;,&quot;https://p9-sign-sg.tiktokcdn.com/aweme/720x720/tos-alisg-avt-0068/24ed6bfea25f2fe0a09627c505ab2657.webp?x-expires\u003d1640685600\u0026x-signature\u003d60fRZqz3DYpsd1vuPx3nyW5s5EQ%3D&quot;,&quot;https://p16-sign-sg.tiktokcdn.com/aweme/720x720/tos-alisg-avt-0068/24ed6bfea25f2fe0a09627c505ab2657.jpeg?x-expires\u003d1640685600\u0026x-signature\u003df5xRerw2I54gcNWMUBDlB88vKJY%3D&quot;],&quot;width&quot;:0},&quot;avatar_thumb&quot;:{&quot;height&quot;:0,&quot;data_size&quot;:0,&quot;uri&quot;:&quot;100x100/tos-alisg-avt-0068/24ed6bfea25f2fe0a09627c505ab2657&quot;,&quot;url_list&quot;:[&quot;https://p9-sign-sg.tiktokcdn.com/aweme/100x100/tos-alisg-avt-0068/24ed6bfea25f2fe0a09627c505ab2657.webp?x-expires\u003d1640685600\u0026x-signature\u003d%2Fd3hLKNuh54tiWHaqyq4KVKCPvs%3D&quot;,&quot;https://p16-sign-sg.tiktokcdn.com/aweme/100x100/tos-alisg-avt-0068/24ed6bfea25f2fe0a09627c505ab2657.webp?x-expires\u003d1640685600\u0026x-signature\u003djf5f2zu3BK0ZgUBHblqf%2B2W2wdk%3D&quot;,&quot;https://p9-sign-sg.tiktokcdn.com/aweme/100x100/tos-alisg-avt-0068/24ed6bfea25f2fe0a09627c505ab2657.jpeg?x-expires\u003d1640685600\u0026x-signature\u003dyBeZ%2FLVRtwLX8l9kyBJWtSgq8jw%3D&quot;],&quot;width&quot;:0},&quot;avatar_update_reminder&quot;:false,&quot;video_icon&quot;:{&quot;height&quot;:0,&quot;data_size&quot;:0,&quot;uri&quot;:&quot;&quot;,&quot;url_list&quot;:[],&quot;width&quot;:0},&quot;aweme_count&quot;:0,&quot;bind_phone&quot;:&quot;&quot;,&quot;bio_permission&quot;:{&quot;enable_download_app_link&quot;:false,&quot;enable_email&quot;:false,&quot;enable_location&quot;:false,&quot;enable_phone&quot;:false,&quot;enable_url&quot;:false},&quot;can_modify_school_info&quot;:false,&quot;can_set_geofencing&quot;:false,&quot;cancel_type&quot;:0,&quot;category&quot;:&quot;&quot;,&quot;collect_count&quot;:0,&quot;comment_filter_status&quot;:0,&quot;comment_setting&quot;:1,&quot;commerce_user_info&quot;:{&quot;account_promote_related&quot;:0,&quot;ad_authorization&quot;:false,&quot;ad_experience_entry&quot;:true,&quot;ad_influencer_type&quot;:0,&quot;ad_revenue_sharing&quot;:false,&quot;clf_type&quot;:0,&quot;has_ads_entry&quot;:false,&quot;has_promote&quot;:false,&quot;has_tcm_entry&quot;:false,&quot;is_ad_partner&quot;:false,&quot;is_auction_ad_influencer&quot;:false,&quot;promote_pay_type&quot;:0,&quot;show_star_atlas_cooperation&quot;:false,&quot;star_atlas&quot;:0},&quot;commerce_user_level&quot;:0,&quot;complete_profile_guide_strategy&quot;:1,&quot;cover_url&quot;:[{&quot;height&quot;:0,&quot;data_size&quot;:0,&quot;uri&quot;:&quot;tiktok-obj/1613727517271041&quot;,&quot;url_list&quot;:[&quot;https://p9-sg.tiktokcdn.com/obj/tiktok-obj/1613727517271041&quot;],&quot;width&quot;:0}],&quot;custom_verify&quot;:&quot;&quot;,&quot;download_setting&quot;:3,&quot;duet_setting&quot;:0,&quot;education&quot;:0,&quot;email&quot;:&quot;b***1@donymails.com&quot;,&quot;enterprise_verify_reason&quot;:&quot;&quot;,&quot;mplatform_followers_count&quot;:0,&quot;favoriting_count&quot;:0,&quot;fb_expire_time&quot;:0,&quot;follow_status&quot;:0,&quot;follower_count&quot;:0,&quot;follower_status&quot;:0,&quot;following_count&quot;:0,&quot;force_private_account&quot;:false,&quot;friend_count&quot;:0,&quot;google_account&quot;:&quot;&quot;,&quot;has_email&quot;:true,&quot;has_facebook_token&quot;:false,&quot;has_orders&quot;:false,&quot;has_twitter_token&quot;:false,&quot;has_youtube_token&quot;:false,&quot;hide_following_follower_list&quot;:0,&quot;hide_search&quot;:true,&quot;hide_shoot_button&quot;:false,&quot;ins_id&quot;:&quot;&quot;,&quot;is_activity_user&quot;:false,&quot;is_ad_fake&quot;:false,&quot;ad_virtual&quot;:false,&quot;is_block&quot;:false,&quot;is_blocked&quot;:false,&quot;content_language_already_popup&quot;:false,&quot;has_insights&quot;:false,&quot;is_discipline_member&quot;:false,&quot;is_effect_artist&quot;:false,&quot;is_email_verified&quot;:true,&quot;is_minor&quot;:false,&quot;isNewRecommend&quot;:false,&quot;douplus_old_user&quot;:false,&quot;is_phone_binded&quot;:false,&quot;is_private_account&quot;:false,&quot;is_pro_account&quot;:false,&quot;is_star&quot;:false,&quot;live_agreement&quot;:0,&quot;login_platform&quot;:0,&quot;mAtType&quot;:0,&quot;supporting_ngo&quot;:{&quot;ngo_donation_link&quot;:&quot;&quot;,&quot;ngo_icon_url&quot;:&quot;&quot;,&quot;ngo_id&quot;:0,&quot;ngo_name&quot;:&quot;&quot;},&quot;need_recommend&quot;:false,&quot;nickname&quot;:&quot;user9037152732432&quot;,&quot;nickname_update_reminder&quot;:false,&quot;normal_top_comment_permission&quot;:0,&quot;notify_private_account&quot;:0,&quot;notify_minor_private_policy&quot;:false,&quot;original_musician&quot;:{&quot;digg_count&quot;:0,&quot;music_count&quot;:0,&quot;music_used_count&quot;:0},&quot;post_default_download_setting&quot;:false,&quot;prevent_download&quot;:false,&quot;pro_account_tcm_red_dot&quot;:false,&quot;profile_completion&quot;:0.0,&quot;registerStatus&quot;:0,&quot;register_time&quot;:1640601059,&quot;forward_count&quot;:0,&quot;room_id&quot;:0,&quot;school_visible&quot;:0,&quot;sec_uid&quot;:&quot;MS4wLjABAAAAuVj6Z93qtlwDnQpEqxXkE3ewwm1PW5-uK-cqe15_sWpOPNpZO0PJvQpbW8aAczxu&quot;,&quot;secret&quot;:true,&quot;share_info&quot;:{&quot;bool_persist&quot;:1,&quot;share_image_url&quot;:{&quot;height&quot;:0,&quot;data_size&quot;:0,&quot;uri&quot;:&quot;musically-maliva-obj/1594805258216454&quot;,&quot;url_list&quot;:[&quot;https://p16-sign-va.tiktokcdn.com/obj/musically-maliva-obj/1594805258216454?x-expires\u003d1640620800\u0026x-signature\u003d4gnL3Lhz3ws25WjS%2FZyFGay89dc%3D&quot;],&quot;width&quot;:0},&quot;share_desc&quot;:&quot;Xem ngay user9037152732432! #TikTok&quot;,&quot;share_desc_info&quot;:&quot;TikTok: Sống Trọn Từng Khoảnh Khắc&quot;,&quot;share_title&quot;:&quot;Tham gia TikTok và để biết hơn về tôi!&quot;,&quot;share_title_myself&quot;:&quot;Ứng dụng TikTok siêu vui nhộn! Hãy follow tôi @user9037152732432 trên TikTok và khám phá ngay các video của tôi!&quot;,&quot;share_title_other&quot;:&quot;Tài khoản TikTok này hay lắm nha~ Hãy Follow @user9037152732432 trên TikTok để xem các video siêu hấp dẫn nào!&quot;,&quot;share_url&quot;:&quot;https://m.tiktok.com/h5/share/usr/7046324222059299842.html?_d\u003ddm24183hmjg5k0\u0026language\u003dvi\u0026sec_uid\u003dMS4wLjABAAAAuVj6Z93qtlwDnQpEqxXkE3ewwm1PW5-uK-cqe15_sWpOPNpZO0PJvQpbW8aAczxu\u0026share_author_id\u003d7046324222059299842\u0026u_code\u003ddmc738dgk517ml&quot;},&quot;shield_comment_notice&quot;:0,&quot;shield_digg_notice&quot;:0,&quot;shield_follow_notice&quot;:0,&quot;short_id&quot;:&quot;0&quot;,&quot;should_write_impr&quot;:false,&quot;show_artist_playlist&quot;:0,&quot;show_effect_list&quot;:false,&quot;show_favorite_list&quot;:false,&quot;show_image_bubble&quot;:false,&quot;message_chat_entry&quot;:true,&quot;signature&quot;:&quot;&quot;,&quot;star_billboard_rank&quot;:0,&quot;stitch_setting&quot;:0,&quot;tab_settings&quot;:{&quot;hide_like_tab&quot;:false,&quot;private_tab&quot;:{&quot;private_tab_style&quot;:2}},&quot;profile_tab_type&quot;:0,&quot;total_favorited&quot;:0,&quot;tw_expire_time&quot;:0,&quot;twitter_id&quot;:&quot;&quot;,&quot;twitter_name&quot;:&quot;&quot;,&quot;uid&quot;:&quot;7046324222059299842&quot;,&quot;unique_id&quot;:&quot;bemmteam57331&quot;,&quot;unique_id_modify_time&quot;:0,&quot;user_canceled&quot;:false,&quot;user_mode&quot;:1,&quot;user_period&quot;:0,&quot;verification_type&quot;:0,&quot;video_cover&quot;:{},&quot;watch_status&quot;:0,&quot;with_commerce_entry&quot;:false,&quot;with_commerce_newbie_task&quot;:false,&quot;with_douplus_entry&quot;:false,&quot;with_item_commerce_entry&quot;:false,&quot;with_new_goods&quot;:false,&quot;xmas_unlock_count&quot;:0,&quot;youtube_last_refresh_time&quot;:0,&quot;youtube_refresh_token&quot;:&quot;&quot;,&quot;youtube_channel_id&quot;:&quot;&quot;,&quot;youtube_channel_title&quot;:&quot;&quot;,&quot;youtube_expire_time&quot;:0,&quot;yt_raw_token&quot;:&quot;&quot;}</string>
<string name="current_foreground_uid">7046324222059299842</string>
<string name="user_info_raw">{&quot;data&quot;:{&quot;app_id&quot;:1340,&quot;avatar_url&quot;:&quot;https:\/\/p16-sg.tiktokcdn.com\/img\/user-avatar-alisg\/jhhkpvwiqgisfyb91y74rxirhpbcr5tv~120x256.image&quot;,&quot;connects&quot;:[],&quot;country_code&quot;:0,&quot;device_id&quot;:0,&quot;email&quot;:&quot;b***1@donymails.com&quot;,&quot;has_password&quot;:0,&quot;is_kids_mode&quot;:0,&quot;is_only_bind_ins&quot;:false,&quot;mobile&quot;:&quot;&quot;,&quot;name&quot;:&quot;user9037152732432&quot;,&quot;need_device_create&quot;:0,&quot;need_ttwid_migration&quot;:0,&quot;new_user&quot;:1,&quot;old_user_id&quot;:7046324222059299842,&quot;old_user_id_str&quot;:&quot;7046324222059299842&quot;,&quot;screen_name&quot;:&quot;user9037152732432&quot;,&quot;sec_old_user_id&quot;:&quot;MS4wLjABAAAAuVj6Z93qtlwDnQpEqxXkE3ewwm1PW5-uK-cqe15_sWpOPNpZO0PJvQpbW8aAczxu&quot;,&quot;sec_user_id&quot;:&quot;MS4wLjABAAAAuVj6Z93qtlwDnQpEqxXkE3ewwm1PW5-uK-cqe15_sWpOPNpZO0PJvQpbW8aAczxu&quot;,&quot;session_key&quot;:&quot;3d49c37c4e253135a3cfd87df20e010b&quot;,&quot;user_device_record_status&quot;:0,&quot;user_id&quot;:7046324222059299842,&quot;user_id_str&quot;:&quot;7046324222059299842&quot;,&quot;user_verified&quot;:false},&quot;message&quot;:&quot;success&quot;}</string>
</map>
