<?xml version='1.0' encoding='UTF-8' standalone='yes' ?><hierarchy rotation="0"><node index="0" text="" resource-id="" class="android.widget.FrameLayout" package="com.zhiliaoapp.musically.go" content-desc="" checkable="false" checked="false" clickable="false" enabled="true" focusable="false" focused="false" scrollable="false" long-clickable="false" password="false" selected="false" bounds="[0,0][343,616]"><node index="0" text="" resource-id="" class="android.widget.LinearLayout" package="com.zhiliaoapp.musically.go" content-desc="" checkable="false" checked="false" clickable="false" enabled="true" focusable="false" focused="false" scrollable="false" long-clickable="false" password="false" selected="false" bounds="[0,0][343,616]"><node index="0" text="" resource-id="android:id/content" class="android.widget.FrameLayout" package="com.zhiliaoapp.musically.go" content-desc="" checkable="false" checked="false" clickable="false" enabled="true" focusable="false" focused="false" scrollable="false" long-clickable="false" password="false" selected="false" bounds="[0,0][343,616]"><node index="0" text="" resource-id="com.zhiliaoapp.musically.go:id/a0t" class="android.widget.FrameLayout" package="com.zhiliaoapp.musically.go" content-desc="" checkable="false" checked="false" clickable="false" enabled="true" focusable="false" focused="false" scrollable="false" long-clickable="false" password="false" selected="false" bounds="[0,0][343,616]"><node index="0" text="" resource-id="com.zhiliaoapp.musically.go:id/ag2" class="android.widget.LinearLayout" package="com.zhiliaoapp.musically.go" content-desc="" checkable="false" checked="false" clickable="true" enabled="true" focusable="false" focused="false" scrollable="false" long-clickable="false" password="false" selected="false" bounds="[0,24][343,616]"><node index="0" text="" resource-id="com.zhiliaoapp.musically.go:id/hb" class="android.widget.FrameLayout" package="com.zhiliaoapp.musically.go" content-desc="" checkable="false" checked="false" clickable="false" enabled="true" focusable="false" focused="false" scrollable="false" long-clickable="false" password="false" selected="false" bounds="[0,24][343,76]"><node index="0" text="Bỏ qua" resource-id="com.zhiliaoapp.musically.go:id/b75" class="android.widget.TextView" package="com.zhiliaoapp.musically.go" content-desc="" checkable="false" checked="false" clickable="true" enabled="true" focusable="false" focused="false" scrollable="false" long-clickable="false" password="false" selected="false" bounds="[8,29][75,70]" /><node index="1" text="Đăng ký" resource-id="com.zhiliaoapp.musically.go:id/title" class="android.widget.TextView" package="com.zhiliaoapp.musically.go" content-desc="" checkable="false" checked="false" clickable="false" enabled="true" focusable="false" focused="false" scrollable="false" long-clickable="false" password="false" selected="false" bounds="[136,39][207,61]" /><node NAF="true" index="2" text="" resource-id="com.zhiliaoapp.musically.go:id/au3" class="android.widget.ImageView" package="com.zhiliaoapp.musically.go" content-desc="" checkable="false" checked="false" clickable="true" enabled="true" focusable="false" focused="false" scrollable="false" long-clickable="false" password="false" selected="false" bounds="[293,28][337,72]" /></node><node index="1" text="Tạo TikTok ID" resource-id="com.zhiliaoapp.musically.go:id/ha" class="android.widget.TextView" package="com.zhiliaoapp.musically.go" content-desc="" checkable="false" checked="false" clickable="false" enabled="true" focusable="false" focused="false" scrollable="false" long-clickable="false" password="false" selected="false" bounds="[32,98][311,123]" /><node index="2" text="Bạn luôn có thể thay đổi điều này sau." resource-id="com.zhiliaoapp.musically.go:id/h_" class="android.widget.TextView" package="com.zhiliaoapp.musically.go" content-desc="" checkable="false" checked="false" clickable="false" enabled="true" focusable="false" focused="false" scrollable="false" long-clickable="false" password="false" selected="false" bounds="[32,130][311,148]" /><node index="3" text="" resource-id="" class="android.view.ViewGroup" package="com.zhiliaoapp.musically.go" content-desc="" checkable="false" checked="false" clickable="false" enabled="true" focusable="false" focused="false" scrollable="false" long-clickable="false" password="false" selected="false" bounds="[0,148][343,616]"><node index="0" text="" resource-id="com.zhiliaoapp.musically.go:id/ayz" class="android.widget.LinearLayout" package="com.zhiliaoapp.musically.go" content-desc="" checkable="false" checked="false" clickable="false" enabled="true" focusable="false" focused="false" scrollable="false" long-clickable="false" password="false" selected="false" bounds="[32,183][311,217]"><node index="0" text="" resource-id="com.zhiliaoapp.musically.go:id/a60" class="android.widget.LinearLayout" package="com.zhiliaoapp.musically.go" content-desc="" checkable="false" checked="false" clickable="false" enabled="true" focusable="false" focused="false" scrollable="false" long-clickable="false" password="false" selected="false" bounds="[32,183][311,203]"><node index="0" text="" resource-id="" class="android.widget.LinearLayout" package="com.zhiliaoapp.musically.go" content-desc="" checkable="false" checked="false" clickable="false" enabled="true" focusable="false" focused="false" scrollable="false" long-clickable="false" password="false" selected="false" bounds="[32,183][311,203]"><node index="0" text="bemmteam10702" resource-id="com.zhiliaoapp.musically.go:id/a5x" class="android.widget.EditText" package="com.zhiliaoapp.musically.go" content-desc="" checkable="false" checked="false" clickable="true" enabled="true" focusable="true" focused="true" scrollable="false" long-clickable="true" password="false" selected="false" bounds="[32,183][276,203]" /><node NAF="true" index="1" text="" resource-id="com.zhiliaoapp.musically.go:id/a5w" class="android.widget.FrameLayout" package="com.zhiliaoapp.musically.go" content-desc="" checkable="false" checked="false" clickable="true" enabled="true" focusable="false" focused="false" scrollable="false" long-clickable="false" password="false" selected="false" bounds="[276,183][311,203]"><node index="0" text="" resource-id="com.zhiliaoapp.musically.go:id/a5y" class="android.widget.FrameLayout" package="com.zhiliaoapp.musically.go" content-desc="" checkable="false" checked="false" clickable="false" enabled="true" focusable="false" focused="false" scrollable="false" long-clickable="false" password="false" selected="false" bounds="[285,185][301,201]"><node index="0" text="" resource-id="" class="android.widget.ImageView" package="com.zhiliaoapp.musically.go" content-desc="" checkable="false" checked="false" clickable="false" enabled="true" focusable="false" focused="false" scrollable="false" long-clickable="false" password="false" selected="false" bounds="[285,185][301,201]" /></node></node></node></node><node index="1" text="" resource-id="com.zhiliaoapp.musically.go:id/a61" class="android.widget.LinearLayout" package="com.zhiliaoapp.musically.go" content-desc="" checkable="false" checked="false" clickable="false" enabled="true" focusable="false" focused="false" scrollable="false" long-clickable="false" password="false" selected="false" bounds="[32,216][311,217]"><node index="0" text="" resource-id="" class="android.widget.LinearLayout" package="com.zhiliaoapp.musically.go" content-desc="" checkable="false" checked="false" clickable="false" enabled="true" focusable="false" focused="false" scrollable="false" long-clickable="false" password="false" selected="false" bounds="[32,216][311,217]"><node index="0" text="" resource-id="com.zhiliaoapp.musically.go:id/ats" class="android.view.View" package="com.zhiliaoapp.musically.go" content-desc="" checkable="false" checked="false" clickable="false" enabled="true" focusable="false" focused="false" scrollable="false" long-clickable="false" password="false" selected="false" bounds="[32,216][311,217]" /></node></node></node><node index="1" text="" resource-id="com.zhiliaoapp.musically.go:id/az0" class="android.widget.FrameLayout" package="com.zhiliaoapp.musically.go" content-desc="" checkable="false" checked="false" clickable="true" enabled="true" focusable="false" focused="false" scrollable="false" long-clickable="false" password="false" selected="false" bounds="[32,245][311,289]"><node index="0" text="" resource-id="" class="android.widget.FrameLayout" package="com.zhiliaoapp.musically.go" content-desc="" checkable="false" checked="false" clickable="false" enabled="true" focusable="false" focused="false" scrollable="false" long-clickable="false" password="false" selected="false" bounds="[32,245][311,289]"><node index="0" text="Đăng ký" resource-id="com.zhiliaoapp.musically.go:id/aff" class="android.widget.TextView" package="com.zhiliaoapp.musically.go" content-desc="" checkable="false" checked="false" clickable="false" enabled="true" focusable="false" focused="false" scrollable="false" long-clickable="false" password="false" selected="false" bounds="[32,245][311,289]" /></node></node></node></node></node><node index="1" text="" resource-id="com.zhiliaoapp.musically.go:id/bk" class="android.widget.LinearLayout" package="com.zhiliaoapp.musically.go" content-desc="" checkable="false" checked="false" clickable="false" enabled="true" focusable="false" focused="false" scrollable="false" long-clickable="false" password="false" selected="false" bounds="[0,0][343,616]"><node index="0" text="" resource-id="" class="android.widget.FrameLayout" package="com.zhiliaoapp.musically.go" content-desc="" checkable="false" checked="false" clickable="false" enabled="true" focusable="false" focused="false" scrollable="false" long-clickable="false" password="false" selected="false" bounds="[0,0][343,616]" /></node></node></node><node index="1" text="" resource-id="android:id/statusBarBackground" class="android.view.View" package="com.zhiliaoapp.musically.go" content-desc="" checkable="false" checked="false" clickable="false" enabled="true" focusable="false" focused="false" scrollable="false" long-clickable="false" password="false" selected="false" bounds="[0,0][343,24]" /></node></hierarchy>